-- phpMyAdmin SQL Dump
-- version 4.6.4
-- https://www.phpmyadmin.net/
--
-- Servidor: localhost
-- Tiempo de generación: 07-04-2019 a las 03:24:32
-- Versión del servidor: 5.7.14
-- Versión de PHP: 7.0.10

SET SQL_MODE = "NO_AUTO_VALUE_ON_ZERO";
SET time_zone = "+00:00";


/*!40101 SET @OLD_CHARACTER_SET_CLIENT=@@CHARACTER_SET_CLIENT */;
/*!40101 SET @OLD_CHARACTER_SET_RESULTS=@@CHARACTER_SET_RESULTS */;
/*!40101 SET @OLD_COLLATION_CONNECTION=@@COLLATION_CONNECTION */;
/*!40101 SET NAMES utf8mb4 */;

--
-- Base de datos: `pos-copia`
--

-- --------------------------------------------------------

--
-- Estructura de tabla para la tabla `categorias`
--

CREATE TABLE `categorias` (
  `id` int(11) NOT NULL,
  `categoria` text COLLATE utf8_spanish_ci NOT NULL,
  `fecha` timestamp NOT NULL DEFAULT CURRENT_TIMESTAMP ON UPDATE CURRENT_TIMESTAMP
) ENGINE=InnoDB DEFAULT CHARSET=utf8 COLLATE=utf8_spanish_ci;

--
-- Volcado de datos para la tabla `categorias`
--

INSERT INTO `categorias` (`id`, `categoria`, `fecha`) VALUES
(1, 'Equipos Electromecánicos', '2017-12-21 20:53:29'),
(2, 'Taladros', '2017-12-21 20:53:29'),
(3, 'Andamios', '2017-12-21 20:53:29'),
(4, 'Generadores de energía', '2017-12-21 20:53:29'),
(5, 'Equipos para construcción', '2017-12-21 20:53:29'),
(6, 'Martillos mecánicos', '2017-12-21 23:06:40');

-- --------------------------------------------------------

--
-- Estructura de tabla para la tabla `clientes`
--

CREATE TABLE `clientes` (
  `id` int(11) NOT NULL,
  `nombre` text COLLATE utf8_spanish_ci NOT NULL,
  `documento` int(11) NOT NULL,
  `email` text COLLATE utf8_spanish_ci NOT NULL,
  `telefono` text COLLATE utf8_spanish_ci NOT NULL,
  `direccion` text COLLATE utf8_spanish_ci NOT NULL,
  `fecha_nacimiento` date NOT NULL,
  `compras` int(11) DEFAULT NULL,
  `fecha` timestamp NOT NULL DEFAULT CURRENT_TIMESTAMP,
  `ultima_compra` datetime DEFAULT NULL
) ENGINE=InnoDB DEFAULT CHARSET=utf8 COLLATE=utf8_spanish_ci;

--
-- Volcado de datos para la tabla `clientes`
--

INSERT INTO `clientes` (`id`, `nombre`, `documento`, `email`, `telefono`, `direccion`, `fecha_nacimiento`, `compras`, `fecha`, `ultima_compra`) VALUES
(1, 'Juan Gomez', 20302133, 'juan@hotmail.com', '(444) 212-3342', 'Av Siempre Viva', '2010-02-21', 1, '2019-03-25 22:38:49', '2019-03-31 01:26:27'),
(2, 'Julian Sanchez', 1231231, 'julian@hotmail.com', '(044) 324-2122', 'Av Grajales', '1998-02-03', 6, '2019-03-31 03:51:49', '2019-03-31 14:33:56'),
(3, 'Luisa De la Barrera', 2932929, 'luisa@hotmail.com', '(044) 239-3843', 'Av Virreyes', '1904-02-03', 1, '2019-03-31 04:01:39', '2019-04-01 20:32:59');

-- --------------------------------------------------------

--
-- Estructura de tabla para la tabla `productos`
--

CREATE TABLE `productos` (
  `id` int(11) NOT NULL,
  `id_categoria` int(11) NOT NULL,
  `codigo` text COLLATE utf8_spanish_ci NOT NULL,
  `descripcion` text COLLATE utf8_spanish_ci NOT NULL,
  `imagen` text COLLATE utf8_spanish_ci NOT NULL,
  `stock` int(11) NOT NULL,
  `precio_compra` float NOT NULL,
  `precio_venta` float NOT NULL,
  `ventas` int(11) DEFAULT NULL,
  `fecha` timestamp NOT NULL DEFAULT CURRENT_TIMESTAMP ON UPDATE CURRENT_TIMESTAMP
) ENGINE=InnoDB DEFAULT CHARSET=utf8 COLLATE=utf8_spanish_ci;

--
-- Volcado de datos para la tabla `productos`
--

INSERT INTO `productos` (`id`, `id_categoria`, `codigo`, `descripcion`, `imagen`, `stock`, `precio_compra`, `precio_venta`, `ventas`, `fecha`) VALUES
(1, 1, '101', 'Aspiradora Industrial ', 'vistas/img/productos/101/861.jpg', 26, 2000, 2800, 4, '2019-04-01 20:33:14'),
(2, 1, '102', 'Plato Flotante para Allanadora', 'vistas/img/productos/102/940.jpg', 2, 4500, 6300, 1, '2019-04-02 01:32:59'),
(3, 1, '103', 'Compresor de Aire para pintura', 'vistas/img/productos/103/763.jpg', 0, 3000, 4200, 0, '2019-03-26 04:41:01'),
(4, 1, '104', 'Cortadora de Adobe sin Disco ', 'vistas/img/productos/104/957.jpg', 18, 4000, 5600, 2, '2019-03-31 20:33:56'),
(5, 1, '105', 'Cortadora de Piso sin Disco ', 'vistas/img/productos/105/630.jpg', 20, 1540, 2156, 0, '2019-04-01 21:18:54'),
(6, 1, '106', 'Disco Punta Diamante ', 'vistas/img/productos/106/635.jpg', 19, 1100, 1540, 1, '2019-03-31 20:33:56'),
(7, 1, '107', 'Extractor de Aire ', 'vistas/img/productos/107/848.jpg', 20, 1540, 2156, 0, '2017-12-22 16:34:33'),
(8, 1, '108', 'Guadañadora ', 'vistas/img/productos/108/163.jpg', 20, 1540, 2156, 0, '2019-04-01 20:33:14'),
(9, 1, '109', 'Hidrolavadora Eléctrica ', 'vistas/img/productos/109/769.jpg', 20, 2600, 3640, 0, '2017-12-22 16:35:08'),
(10, 1, '110', 'Hidrolavadora Gasolina', 'vistas/img/productos/110/582.jpg', 20, 2210, 3094, 0, '2017-12-22 16:35:19'),
(11, 1, '111', 'Motobomba a Gasolina', 'vistas/img/productos/111/790.jpg', 20, 2860, 4004, 0, '2019-03-21 03:16:59'),
(12, 1, '112', 'Motobomba El?ctrica', 'vistas/img/productos/default/anonymous.png', 20, 2400, 3360, 0, '2017-12-21 21:56:28'),
(13, 1, '113', 'Sierra Circular ', 'vistas/img/productos/default/anonymous.png', 20, 1100, 1540, 0, '2017-12-21 21:56:28'),
(14, 1, '114', 'Disco de tugsteno para Sierra circular', 'vistas/img/productos/default/anonymous.png', 20, 4500, 6300, 0, '2017-12-21 21:56:28'),
(15, 1, '115', 'Soldador Electrico ', 'vistas/img/productos/default/anonymous.png', 20, 1980, 2772, 0, '2017-12-21 21:56:28'),
(16, 1, '116', 'Careta para Soldador', 'vistas/img/productos/default/anonymous.png', 20, 4200, 5880, 0, '2017-12-21 21:56:28'),
(17, 1, '117', 'Torre de iluminacion ', 'vistas/img/productos/default/anonymous.png', 20, 1800, 2520, 0, '2017-12-21 21:56:28'),
(18, 2, '201', 'Martillo Demoledor de Piso 110V', 'vistas/img/productos/default/anonymous.png', 20, 5600, 7840, 0, '2017-12-21 21:56:28'),
(19, 2, '202', 'Muela o cincel martillo demoledor piso', 'vistas/img/productos/default/anonymous.png', 20, 9600, 13440, 0, '2017-12-21 21:56:28'),
(20, 2, '203', 'Taladro Demoledor de muro 110V', 'vistas/img/productos/default/anonymous.png', 20, 3850, 5390, 0, '2017-12-21 21:56:28'),
(21, 2, '204', 'Muela o cincel martillo demoledor muro', 'vistas/img/productos/default/anonymous.png', 20, 9600, 13440, 0, '2017-12-21 21:56:28'),
(22, 2, '205', 'Taladro Percutor de 1/2 Madera y Metal', 'vistas/img/productos/default/anonymous.png', 20, 8000, 11200, 0, '2017-12-21 22:28:24'),
(23, 2, '206', 'Taladro Percutor SDS Plus 110V', 'vistas/img/productos/default/anonymous.png', 20, 3900, 5460, 0, '2017-12-21 21:56:28'),
(24, 2, '207', 'Taladro Percutor SDS Max 110V (Mineria)', 'vistas/img/productos/default/anonymous.png', 20, 4600, 6440, 0, '2017-12-21 21:56:28'),
(25, 3, '301', 'Andamio colgante', 'vistas/img/productos/default/anonymous.png', 20, 1440, 2016, 0, '2017-12-21 21:56:28'),
(26, 3, '302', 'Distanciador andamio colgante', 'vistas/img/productos/default/anonymous.png', 20, 1600, 2240, 0, '2017-12-21 21:56:28'),
(27, 3, '303', 'Marco andamio modular ', 'vistas/img/productos/default/anonymous.png', 20, 900, 1260, 0, '2017-12-21 21:56:28'),
(28, 3, '304', 'Marco andamio tijera', 'vistas/img/productos/default/anonymous.png', 20, 100, 140, 0, '2017-12-21 21:56:28'),
(29, 3, '305', 'Tijera para andamio', 'vistas/img/productos/default/anonymous.png', 20, 162, 226, 0, '2017-12-21 21:56:28'),
(30, 3, '306', 'Escalera interna para andamio', 'vistas/img/productos/default/anonymous.png', 20, 270, 378, 0, '2017-12-21 21:56:28'),
(31, 3, '307', 'Pasamanos de seguridad', 'vistas/img/productos/default/anonymous.png', 20, 75, 105, 0, '2017-12-21 21:56:28'),
(32, 3, '308', 'Rueda giratoria para andamio', 'vistas/img/productos/default/anonymous.png', 20, 168, 235, 0, '2017-12-21 21:56:28'),
(33, 3, '309', 'Arnes de seguridad', 'vistas/img/productos/default/anonymous.png', 20, 1750, 2450, 0, '2017-12-21 21:56:28'),
(34, 3, '310', 'Eslinga para arnes', 'vistas/img/productos/default/anonymous.png', 20, 175, 245, 0, '2017-12-21 21:56:28'),
(35, 3, '311', 'Plataforma Met?lica', 'vistas/img/productos/default/anonymous.png', 20, 420, 588, 0, '2017-12-21 21:56:28'),
(36, 4, '401', 'Planta Electrica Diesel 6 Kva', 'vistas/img/productos/default/anonymous.png', 20, 3500, 4900, 0, '2017-12-21 21:56:28'),
(37, 4, '402', 'Planta Electrica Diesel 10 Kva', 'vistas/img/productos/default/anonymous.png', 20, 3550, 4970, 0, '2017-12-21 21:56:28'),
(38, 4, '403', 'Planta Electrica Diesel 20 Kva', 'vistas/img/productos/default/anonymous.png', 20, 3600, 5040, 0, '2017-12-21 21:56:28'),
(39, 4, '404', 'Planta Electrica Diesel 30 Kva', 'vistas/img/productos/default/anonymous.png', 20, 3650, 5110, 0, '2017-12-21 21:56:28'),
(40, 4, '405', 'Planta Electrica Diesel 60 Kva', 'vistas/img/productos/default/anonymous.png', 20, 3700, 5180, 0, '2017-12-21 21:56:28'),
(41, 4, '406', 'Planta Electrica Diesel 75 Kva', 'vistas/img/productos/default/anonymous.png', 20, 3750, 5250, 0, '2017-12-21 21:56:28'),
(42, 4, '407', 'Planta Electrica Diesel 100 Kva', 'vistas/img/productos/default/anonymous.png', 20, 3800, 5320, 0, '2017-12-21 21:56:28'),
(43, 4, '408', 'Planta Electrica Diesel 120 Kva', 'vistas/img/productos/default/anonymous.png', 20, 3850, 5390, 0, '2017-12-21 21:56:28'),
(44, 5, '501', 'Escalera de Tijera Aluminio ', 'vistas/img/productos/default/anonymous.png', 20, 350, 490, 0, '2017-12-21 21:56:28'),
(45, 5, '502', 'Extension Electrica ', 'vistas/img/productos/default/anonymous.png', 20, 370, 518, 0, '2017-12-21 21:56:28'),
(46, 5, '503', 'Gato tensor', 'vistas/img/productos/default/anonymous.png', 20, 380, 532, 0, '2017-12-21 21:56:28'),
(47, 5, '504', 'Lamina Cubre Brecha ', 'vistas/img/productos/default/anonymous.png', 20, 380, 532, 0, '2017-12-21 21:56:28'),
(48, 5, '505', 'Llave de Tubo', 'vistas/img/productos/default/anonymous.png', 20, 480, 672, 0, '2017-12-21 21:56:28'),
(49, 5, '506', 'Manila por Metro', 'vistas/img/productos/default/anonymous.png', 20, 600, 840, 0, '2017-12-21 21:56:28'),
(50, 5, '507', 'Polea 2 canales', 'vistas/img/productos/default/anonymous.png', 20, 900, 1260, 0, '2017-12-21 21:56:28'),
(51, 5, '508', 'Tensor', 'vistas/img/productos/default/anonymous.png', 20, 100, 140, 0, '2017-12-21 21:56:28'),
(52, 5, '509', 'Bascula ', 'vistas/img/productos/default/anonymous.png', 20, 130, 182, 0, '2017-12-21 21:56:28'),
(53, 5, '510', 'Bomba Hidrostatica', 'vistas/img/productos/default/anonymous.png', 20, 770, 1078, 0, '2017-12-21 21:56:28'),
(54, 5, '511', 'Chapeta', 'vistas/img/productos/default/anonymous.png', 20, 660, 924, 0, '2017-12-21 21:56:28'),
(55, 5, '512', 'Cilindro muestra de concreto', 'vistas/img/productos/default/anonymous.png', 20, 400, 560, 0, '2017-12-21 21:56:28'),
(56, 5, '513', 'Cizalla de Palanca', 'vistas/img/productos/default/anonymous.png', 20, 450, 630, 0, '2017-12-21 21:56:28'),
(57, 5, '514', 'Cizalla de Tijera', 'vistas/img/productos/default/anonymous.png', 20, 580, 812, 0, '2017-12-21 21:56:28'),
(58, 5, '515', 'Coche llanta neumatica', 'vistas/img/productos/default/anonymous.png', 20, 420, 588, 0, '2017-12-21 21:56:28'),
(59, 5, '516', 'Cono slump', 'vistas/img/productos/default/anonymous.png', 20, 140, 196, 0, '2017-12-21 21:56:28'),
(60, 5, '517', 'Cortadora de Baldosin', 'vistas/img/productos/default/anonymous.png', 20, 930, 1302, 0, '2017-12-21 21:56:28');

-- --------------------------------------------------------

--
-- Estructura de tabla para la tabla `usuarios`
--

CREATE TABLE `usuarios` (
  `id` int(11) NOT NULL,
  `nombre` text COLLATE utf8_spanish_ci NOT NULL,
  `usuario` text COLLATE utf8_spanish_ci NOT NULL,
  `password` text COLLATE utf8_spanish_ci NOT NULL,
  `perfil` text COLLATE utf8_spanish_ci NOT NULL,
  `foto` text COLLATE utf8_spanish_ci NOT NULL,
  `estado` int(11) NOT NULL,
  `ultimo_login` datetime DEFAULT NULL,
  `fecha` timestamp NOT NULL DEFAULT CURRENT_TIMESTAMP ON UPDATE CURRENT_TIMESTAMP
) ENGINE=InnoDB DEFAULT CHARSET=utf8 COLLATE=utf8_spanish_ci;

--
-- Volcado de datos para la tabla `usuarios`
--

INSERT INTO `usuarios` (`id`, `nombre`, `usuario`, `password`, `perfil`, `foto`, `estado`, `ultimo_login`, `fecha`) VALUES
(1, 'Administrador', 'admin', '$2a$07$asxx54ahjppf45sd87a5aurDMenSq.ZyX4Ir6HuvUYrQzzTjGDkpG', 'Administrador', 'vistas/img/usuarios/default/anonymous.png', 1, '2019-04-02 18:24:53', '2019-04-03 00:24:53'),
(57, 'Juan Fernando Urrego', 'juan', '$2a$07$asxx54ahjppf45sd87a5auwRi.z6UsW7kVIpm0CUEuCpmsvT2sG6O', 'Vendedor', 'vistas/img/usuarios/juan/461.jpg', 1, '2017-12-21 12:07:24', '2017-12-21 17:07:24'),
(58, 'Julio Gómez', 'julio', '$2a$07$asxx54ahjppf45sd87a5auQhldmFjGsrgUipGlmQgDAcqevQZSAAC', 'Especial', 'vistas/img/usuarios/julio/100.png', 1, '2017-12-21 12:07:39', '2017-12-21 17:07:39'),
(59, 'Ana Gonzalez', 'ana', '$2a$07$asxx54ahjppf45sd87a5auLd2AxYsA/2BbmGKNk2kMChC3oj7V0Ca', 'Vendedor', 'vistas/img/usuarios/ana/260.png', 1, '2017-12-21 12:07:47', '2017-12-21 17:07:47'),
(60, 'Carlos', 'carlos', '$2a$07$asxx54ahjppf45sd87a5auXaW5n/KLY/bEvEkjrWiw6hTlwjyTGja', 'Vendedor', 'vistas/img/usuarios/default/anonymous.png', 0, NULL, '2019-04-03 02:17:27');

-- --------------------------------------------------------

--
-- Estructura de tabla para la tabla `ventas`
--

CREATE TABLE `ventas` (
  `id` int(11) NOT NULL,
  `codigo` int(11) NOT NULL,
  `id_cliente` int(11) NOT NULL,
  `id_vendedor` int(11) NOT NULL,
  `productos` text COLLATE utf8_spanish_ci NOT NULL,
  `neto` float NOT NULL,
  `impuesto` float NOT NULL,
  `total` float NOT NULL,
  `metodo_pago` text COLLATE utf8_spanish_ci NOT NULL,
  `fecha` timestamp NOT NULL DEFAULT CURRENT_TIMESTAMP
) ENGINE=InnoDB DEFAULT CHARSET=utf8 COLLATE=utf8_spanish_ci;

--
-- Volcado de datos para la tabla `ventas`
--

INSERT INTO `ventas` (`id`, `codigo`, `id_cliente`, `id_vendedor`, `productos`, `neto`, `impuesto`, `total`, `metodo_pago`, `fecha`) VALUES
(1, 10001, 1, 1, '[{"id":"1","descripcion":"Aspiradora Industrial ","cantidad":"1","stock":"29","precio":"2800","total":"2800"}]', 2800, 0, 2800, 'Efectivo', '2019-03-30 23:41:29'),
(3, 10003, 2, 1, '[{"id":"1","descripcion":"Aspiradora Industrial ","cantidad":"3","stock":"26","precio":"2800","total":"8400"},{"id":"2","descripcion":"Plato Flotante para Allanadora","cantidad":"1","stock":"3","precio":"6300","total":"6300"},{"id":"4","descripcion":"Cortadora de Adobe sin Disco ","cantidad":"1","stock":"18","precio":"5600","total":"5600"},{"id":"6","descripcion":"Disco Punta Diamante ","cantidad":"1","stock":"19","precio":"1540","total":"1540"}]', 21840, 3494.4, 25334.4, 'TC-356473882823', '2019-03-31 20:33:56'),
(5, 10004, 3, 1, '[{"id":"2","descripcion":"Plato Flotante para Allanadora","cantidad":"1","stock":"2","precio":"6300","total":"6300"}]', 6300, 0, 6300, 'TC-23245221', '2019-04-02 01:32:59');

--
-- Índices para tablas volcadas
--

--
-- Indices de la tabla `categorias`
--
ALTER TABLE `categorias`
  ADD PRIMARY KEY (`id`);

--
-- Indices de la tabla `clientes`
--
ALTER TABLE `clientes`
  ADD PRIMARY KEY (`id`);

--
-- Indices de la tabla `productos`
--
ALTER TABLE `productos`
  ADD PRIMARY KEY (`id`);

--
-- Indices de la tabla `usuarios`
--
ALTER TABLE `usuarios`
  ADD PRIMARY KEY (`id`);

--
-- Indices de la tabla `ventas`
--
ALTER TABLE `ventas`
  ADD PRIMARY KEY (`id`);

--
-- AUTO_INCREMENT de las tablas volcadas
--

--
-- AUTO_INCREMENT de la tabla `categorias`
--
ALTER TABLE `categorias`
  MODIFY `id` int(11) NOT NULL AUTO_INCREMENT, AUTO_INCREMENT=7;
--
-- AUTO_INCREMENT de la tabla `clientes`
--
ALTER TABLE `clientes`
  MODIFY `id` int(11) NOT NULL AUTO_INCREMENT, AUTO_INCREMENT=4;
--
-- AUTO_INCREMENT de la tabla `productos`
--
ALTER TABLE `productos`
  MODIFY `id` int(11) NOT NULL AUTO_INCREMENT, AUTO_INCREMENT=61;
--
-- AUTO_INCREMENT de la tabla `usuarios`
--
ALTER TABLE `usuarios`
  MODIFY `id` int(11) NOT NULL AUTO_INCREMENT, AUTO_INCREMENT=61;
--
-- AUTO_INCREMENT de la tabla `ventas`
--
ALTER TABLE `ventas`
  MODIFY `id` int(11) NOT NULL AUTO_INCREMENT, AUTO_INCREMENT=6;
/*!40101 SET CHARACTER_SET_CLIENT=@OLD_CHARACTER_SET_CLIENT */;
/*!40101 SET CHARACTER_SET_RESULTS=@OLD_CHARACTER_SET_RESULTS */;
/*!40101 SET COLLATION_CONNECTION=@OLD_COLLATION_CONNECTION */;
